autor,sigaa,escenario,iteracion,tiempo_raiz_ms,filas_reales,costo_estimado_json
Lifeng Chen,000215708,sin,1,2.55,20,916.0
Lifeng Chen,000215708,sin,2,1.97,20,916.0
Lifeng Chen,000215708,sin,3,2.08,20,916.0
Lifeng Chen,000215708,sin,4,2.03,20,916.0
Lifeng Chen,000215708,sin,5,2.1,20,916.0
Lifeng Chen,000215708,sin,6,2.03,20,916.0
Lifeng Chen,000215708,sin,7,2.05,20,916.0
Lifeng Chen,000215708,con,1,0.0954,20,24.05
Lifeng Chen,000215708,con,2,0.0991,20,24.05
Lifeng Chen,000215708,con,3,0.092,20,24.05
Lifeng Chen,000215708,con,4,0.0899,20,24.05
Lifeng Chen,000215708,con,5,0.106,20,24.05
Lifeng Chen,000215708,con,6,0.0946,20,24.05
Lifeng Chen,000215708,con,7,0.09,20,24.05
