autor,sigaa,escenario,iteracion,tiempo_raiz_ms,filas_reales,costo_estimado_json
Lifeng Chen,000215708,sin,1,12.0,109,287.29
Lifeng Chen,000215708,sin,2,12.4,109,287.29
Lifeng Chen,000215708,sin,3,12.1,109,287.29
Lifeng Chen,000215708,sin,4,12.0,109,287.29
Lifeng Chen,000215708,sin,5,12.4,109,287.29
Lifeng Chen,000215708,sin,6,12.0,109,287.29
Lifeng Chen,000215708,sin,7,12.3,109,287.29
Lifeng Chen,000215708,con,1,9.92,109,891.3
Lifeng Chen,000215708,con,2,10.0,109,891.3
Lifeng Chen,000215708,con,3,10.2,109,891.3
Lifeng Chen,000215708,con,4,9.58,109,891.3
Lifeng Chen,000215708,con,5,9.78,109,891.3
Lifeng Chen,000215708,con,6,9.64,109,891.3
Lifeng Chen,000215708,con,7,9.89,109,891.3
