codigo_brecha,todos_los_usuarios,solo_usuarios_con_dato_critico
BR-00005,48,8
BR-00010,43,5
BR-00015,39,10
BR-00018,39,10
BR-00019,40,9
BR-00031,36,10
BR-00036,51,10
BR-00037,43,5
BR-00047,39,11
BR-00052,46,12
BR-00066,36,13
BR-00073,41,7
BR-00075,42,7
BR-00077,41,7
BR-00078,40,8
BR-00080,32,6
BR-00083,40,12
BR-00084,40,13
BR-00085,42,13
BR-00103,42,5
BR-00108,40,10
BR-00115,44,15
BR-00119,44,8
BR-00133,55,10
BR-00145,46,11
BR-00152,34,8
BR-00158,40,10
BR-00163,27,10
BR-00166,45,7
BR-00178,46,14
BR-00194,35,10
BR-00195,46,7
BR-00213,33,8
BR-00214,48,12
BR-00228,41,7
BR-00230,39,8
BR-00233,38,6
BR-00242,32,10
BR-00247,51,14
BR-00253,45,10
BR-00269,46,12
BR-00284,44,8
BR-00286,49,12
BR-00293,46,8
BR-00295,43,9
BR-00298,37,7
BR-00332,48,10
BR-00368,32,9
BR-00381,41,9
BR-00407,46,11
BR-00408,58,14
BR-00411,43,7
BR-00412,50,10
BR-00415,42,15
BR-00417,50,9
BR-00430,44,12
BR-00432,54,15
BR-00438,34,6
BR-00439,42,11
BR-00440,44,9
BR-00441,40,9
BR-00449,38,5
BR-00463,39,9
BR-00478,49,4
BR-00486,41,10
BR-00496,37,10
BR-00498,38,7
BR-00499,42,8
BR-00503,41,10
BR-00505,37,11
BR-00508,47,13
BR-00513,40,7
BR-00529,47,12
BR-00531,42,9
BR-00540,38,10
BR-00541,48,7
BR-00543,37,11
BR-00545,44,8
BR-00549,35,10
BR-00553,42,12
BR-00555,46,11
BR-00565,36,6
BR-00585,36,7
BR-00587,43,6
BR-00598,40,10
BR-00601,47,14
BR-00605,47,11
BR-00617,31,4
BR-00620,39,9
BR-00626,38,7
BR-00635,45,7
BR-00664,36,16
BR-00668,40,6
BR-00676,46,14
BR-00682,52,12
BR-00695,38,7
BR-00702,41,8
BR-00705,41,6
BR-00706,40,9
BR-00712,42,9
BR-00715,52,10
BR-00733,43,9
BR-00735,44,7
BR-00742,35,10
BR-00749,34,10
BR-00766,46,11
BR-00784,37,9
BR-00788,46,11
BR-00793,38,10
